{
    "version": "1.7.0",
    "autor": "mindicador.cl",
    "fecha": "2022-08-04T20:00:00.000Z",
    "uf": {
        "codigo": "uf",
        "nombre": "Unidad de fomento (UF)",
        "unidad_medida": "Pesos",
        "fecha": "2022-08-04T04:00:00.000Z",
        "valor": 33455.92
    },
    "ivp": {
        "codigo": "ivp",
        "nombre": "Indice de valor promedio (IVP)",
        "unidad_medida": "Pesos",
        "fecha": "2022-08-04T04:00:00.000Z",
        "valor": 34000.48
    },
    "dolar": {
        "codigo": "dolar",
        "nombre": "Dólar observado",
        "unidad_medida": "Pesos",
        "fecha": "2022-08-04T04:00:00.000Z",
        "valor": 907.82
    },
    "dolar_intercambio": {
        "codigo": "dolar_intercambio",
        "nombre": "Dólar acuerdo",
        "unidad_medida": "Pesos",
        "fecha": "2014-11-13T03:00:00.000Z",
        "valor": 758.87
    },
    "euro": {
        "codigo": "euro",
        "nombre": "Euro",
        "unidad_medida": "Pesos",
        "fecha": "2022-08-04T04:00:00.000Z",
        "valor": 922.21
    },
    "ipc": {
        "codigo": "ipc",
        "nombre": "Indice de Precios al Consumidor (IPC)",
        "unidad_medida": "Porcentaje",
        "fecha": "2022-06-01T04:00:00.000Z",
        "valor": 0.9
    },
    "utm": {
        "codigo": "utm",
        "nombre": "Unidad Tributaria Mensual (UTM)",
        "unidad_medida": "Pesos",
        "fecha": "2022-08-01T04:00:00.000Z",
        "valor": 58772
    },
    "imacec": {
        "codigo": "imacec",
        "nombre": "Imacec",
        "unidad_medida": "Porcentaje",
        "fecha": "2022-06-01T04:00:00.000Z",
        "valor": 3.7
    },
    "tpm": {
        "codigo": "tpm",
        "nombre": "Tasa Política Monetaria (TPM)",
        "unidad_medida": "Porcentaje",
        "fecha": "2022-08-04T04:00:00.000Z",
        "valor": 9.75
    },
    "libra_cobre": {
        "codigo": "libra_cobre",
        "nombre": "Libra de Cobre",
        "unidad_medida": "Dólar",
        "fecha": "2022-08-04T04:00:00.000Z",
        "valor": 3.54
    },
    "tasa_desempleo": {
        "codigo": "tasa_desempleo",
        "nombre": "Tasa de desempleo",
        "unidad_medida": "Porcentaje",
        "fecha": "2022-06-01T04:00:00.000Z",
        "valor": 7.81
    },
    "bitcoin": {
        "codigo": "bitcoin",
        "nombre": "Bitcoin",
        "unidad_medida": "Dólar",
        "fecha": "2022-08-01T04:00:00.000Z",
        "valor": 23298.94
    }
}